city,description
New York,"Visit the Statue of Liberty, explore Central Park, enjoy Broadway shows, discover world-class museums like the Metropolitan Museum of Art and the American Museum of Natural History, and experience the diverse culinary scene with famous restaurants and street food."
Paris,"Climb the Eiffel Tower, visit the Louvre Museum, stroll along the Seine River, explore the historic Notre-Dame Cathedral, and indulge in the city's renowned patisseries and cafes with delightful French pastries and coffee."
Tokyo,"Experience the bustling Shibuya Crossing, visit ancient temples like Senso-ji, enjoy sushi at Tsukiji Fish Market, explore the innovative teamLab Borderless museum, and take a day trip to the scenic Mount Fuji."
London,"See the Changing of the Guard at Buckingham Palace, visit the British Museum, ride the London Eye, explore the historic Tower of London, and enjoy the vibrant theater scene in the West End."
Sydney,"Climb the Sydney Harbour Bridge, relax at Bondi Beach, visit the iconic Sydney Opera House, take a ferry to Manly Beach, and explore the Royal Botanic Garden for a scenic walk and picnic."
Rio de Janeiro,"Enjoy the vibrant Carnival festival, relax on Copacabana Beach, hike up Sugarloaf Mountain for panoramic views, visit the Christ the Redeemer statue, and explore the historic Santa Teresa neighborhood."
Cairo,"Explore the Pyramids of Giza, visit the Egyptian Museum to see ancient artifacts, cruise the Nile River, discover the historic Khan El Khalili bazaar, and take a trip to the stunning temples of Luxor and Karnak."
Cape Town,"Hike up Table Mountain for breathtaking views, visit Robben Island where Nelson Mandela was imprisoned, explore the vibrant V&A Waterfront, and take a scenic drive along the Cape Peninsula to see the Cape of Good Hope."
Rome,"Visit the Colosseum, toss a coin in the Trevi Fountain, explore Vatican City including St. Peter's Basilica and the Sistine Chapel, and enjoy authentic Italian cuisine in charming Trastevere."
Bangkok,"Visit the Grand Palace, take a boat ride on the Chao Phraya River, enjoy street food at Chatuchak Market, explore the historic Wat Arun temple, and relax at the beautiful Lumphini Park."
Los Angeles,"Visit the Hollywood Walk of Fame, explore Griffith Observatory and hike up to the Hollywood Sign, relax on Santa Monica Beach, and enjoy the diverse culinary scene with famous food trucks and restaurants."
Shanghai,"See the futuristic skyline from the Bund, explore the historic Yuyuan Garden, visit the Shanghai Tower for panoramic views, shop on Nanjing Road, and enjoy traditional dim sum in local tea houses."
Dubai,"Visit the Burj Khalifa, shop at the Dubai Mall, explore the historic Al Fahidi neighborhood, take a desert safari, and relax on Jumeirah Beach with views of the iconic Burj Al Arab hotel."
Moscow,"Visit Red Square and the Kremlin, explore the historic St. Basil's Cathedral, enjoy performances at the Bolshoi Theatre, and take a scenic boat cruise on the Moskva River."
Mumbai,"Visit the Gateway of India, explore the historic Elephanta Caves, stroll along Marine Drive, shop at the bustling Crawford Market, and enjoy the vibrant street food scene with local delicacies."
Toronto,"Visit the CN Tower for panoramic views, explore the historic Distillery District, enjoy a boat ride to the Toronto Islands, and visit the Royal Ontario Museum for world-class exhibits."
Mexico City,"Explore the ancient pyramids of Teotihuacan, visit the historic Zocalo square, enjoy the vibrant street art in Coyoacan, and savor authentic Mexican cuisine at local markets and restaurants."
Berlin,"Visit the Berlin Wall Memorial, explore the historic Brandenburg Gate, take a boat ride on the Spree River, and enjoy the vibrant nightlife and art scene in neighborhoods like Kreuzberg and Friedrichshain."
Istanbul,"Visit the historic Hagia Sophia, explore the bustling Grand Bazaar, take a cruise on the Bosphorus, and enjoy delicious Turkish cuisine with dishes like kebabs, mezes, and baklava."
Singapore,"Visit Marina Bay Sands for panoramic views, explore the futuristic Gardens by the Bay, shop on Orchard Road, and enjoy diverse culinary experiences in hawker centers like Lau Pa Sat."
Barcelona,"Visit the historic Sagrada Familia, explore the Gothic Quarter, relax on Barceloneta Beach, and enjoy delicious tapas and local wines in vibrant neighborhoods like El Raval and Gracia."
Amsterdam,"Explore the historic canals, visit the Anne Frank House, see the masterpieces in the Rijksmuseum, and enjoy the vibrant nightlife and cultural scene in neighborhoods like Jordaan and De Pijp."
Hong Kong,"Take a tram to Victoria Peak for stunning views, visit the historic Man Mo Temple, shop in the bustling markets of Mong Kok, and enjoy the vibrant food scene with dim sum and street food."
San Francisco,"Visit the Golden Gate Bridge, explore Alcatraz Island, stroll through Golden Gate Park, and enjoy the diverse culinary scene with fresh seafood at Fisherman's Wharf and international cuisine in neighborhoods like Chinatown and Mission District."
Buenos Aires,"Visit the historic Casa Rosada, explore the colorful neighborhood of La Boca, enjoy tango performances in San Telmo, and savor delicious Argentine steak and Malbec wine in Palermo."
Lisbon,"Visit the historic Belem Tower, explore the Alfama district with its narrow streets and Fado music, take a tram ride on the iconic Tram 28, and enjoy traditional Portuguese pastries like Pastel de Nata."
Athens,"Explore the ancient Acropolis and Parthenon, visit the historic Plaka neighborhood, take a stroll along the scenic Anafiotika, and enjoy traditional Greek cuisine with dishes like moussaka and souvlaki."
Seoul,"Visit the historic Gyeongbokgung Palace, explore the vibrant neighborhood of Myeongdong, take a hike up Namsan Mountain for panoramic views, and enjoy Korean BBQ and street food in Dongdaemun."
Kuala Lumpur,"Visit the iconic Petronas Twin Towers, explore the historic Batu Caves, shop in the bustling Bukit Bintang, and enjoy diverse culinary experiences in Jalan Alor and Little India."
Vienna,"Explore the historic Schönbrunn Palace, visit the impressive St. Stephen's Cathedral, take a boat ride on the Danube River, and enjoy traditional Viennese coffee and pastries in classic cafes."
Bangkok,"Visit the Grand Palace, explore the historic temples of Wat Pho and Wat Arun, take a boat ride on the Chao Phraya River, and enjoy vibrant street food markets like Chatuchak and Khao San Road."
Marrakech,"Explore the historic medina and souks, visit the stunning Jardin Majorelle, take a camel ride in the nearby desert, and enjoy traditional Moroccan cuisine with dishes like tagine and couscous."
Prague,"Visit the historic Prague Castle, stroll across the iconic Charles Bridge, explore the Old Town Square with its Astronomical Clock, and enjoy Czech beer and traditional dishes in local pubs."
Dublin,"Visit the historic Trinity College and Book of Kells, explore the vibrant Temple Bar district, take a tour of the Guinness Storehouse, and enjoy traditional Irish music and cuisine in local pubs."
Warsaw,"Explore the historic Old Town, visit the impressive Royal Castle, take a stroll along the Vistula River, and enjoy traditional Polish dishes like pierogi and bigos in local restaurants."
Budapest,"Visit the historic Buda Castle, relax in the thermal baths of Szechenyi, explore the vibrant ruin pubs in the Jewish Quarter, and take a scenic boat ride on the Danube River."
Edinburgh,"Visit the historic Edinburgh Castle, explore the Royal Mile, take a hike up Arthur's Seat for panoramic views, and enjoy traditional Scottish dishes like haggis and whisky in local pubs."
Helsinki,"Visit the impressive Helsinki Cathedral, explore the Suomenlinna sea fortress, and relax in the city's many saunas and public baths."
Zurich,"Explore the historic old town of Zurich, visit the Swiss National Museum, and enjoy a boat trip on Lake Zurich."
Copenhagen,"Visit the iconic Little Mermaid statue in Copenhagen, explore the historic Tivoli Gardens, and enjoy Danish cuisine at the Torvehallerne food market."
Venice,"Take a gondola ride through Venice's canals, visit St. Mark's Basilica, and enjoy Venetian cuisine like cicchetti and prosecco in a local bacaro."
Florence,"Explore the Uffizi Gallery and Michelangelo's David in Florence, visit the Florence Cathedral, and enjoy Tuscan wines and dishes."
Milan,"Explore Milan's fashion district, visit the Duomo di Milano and the Last Supper painting, and enjoy Milanese risotto and osso buco."
Brussels,"Visit the Atomium in Brussels, explore historic Grand Place, and enjoy Belgian waffles and chocolate."
Stockholm,"Visit the Vasa Museum and Skansen open-air museum in Stockholm, and enjoy Swedish meatballs and lingonberries."
Oslo,"Explore the Viking Ship Museum in Oslo, take a scenic fjord cruise, and enjoy Norwegian salmon and brunost."
Reykjavik,"Visit the Hallgrimskirkja church in Reykjavik, relax in the Blue Lagoon, and enjoy Icelandic cuisine like skyr and fermented shark."
Manila,"Explore Intramuros in Manila, visit the historic San Agustin Church, and enjoy Filipino adobo and halo-halo."
Jakarta,"Visit Jakarta's National Monument, explore the Thousand Islands, and enjoy Indonesian nasi goreng and satay."
Lima,"Visit the historic center of Lima, explore the Larco Museum, and enjoy Peruvian ceviche and pisco sour."
Bogota,"Explore the Gold Museum in Bogota, hike Monserrate for city views, and enjoy Colombian coffee and arepas."
Santiago,"Visit the La Moneda Presidential Palace in Santiago, explore the historic Barrio Lastarria, and enjoy Chilean empanadas and pisco."
Caracas,"Explore the birthplace of Simón Bolívar in Caracas, visit the Museum of Contemporary Art, and enjoy arepas and cachapas."
Quito,"Visit the historic center of Quito, explore the Capilla del Hombre art museum, and enjoy Ecuadorian locro soup and llapingachos."
Havana,"Explore Old Havana, visit the historic Fortaleza de San Carlos de la Cabana, and enjoy Cuban sandwiches and mojitos."
Montevideo,"Visit the Palacio Salvo in Montevideo, explore the historic Ciudad Vieja, and enjoy Uruguayan asado and mate."
San Jose,"Visit the National Theatre in San Jose, explore the Pre-Columbian Gold Museum, and enjoy Costa Rican gallo pinto and casado."
Panama City,"Explore the Panama Canal at the Miraflores Locks, visit the Biomuseo, and enjoy Panamanian sancocho and seviche."
Guatemala City,"Visit the historic Antigua Guatemala, explore the active Pacaya volcano, and enjoy Guatemalan pepian and tamales."
San Salvador,"Explore the Joya de Cerén archaeological site in San Salvador, visit the National Palace, and enjoy Salvadoran pupusas and horchata."
Tegucigalpa,"Visit the Christ of the Picacho in Tegucigalpa, explore the colonial town of Valle de Angeles, and enjoy Honduran baleadas and yuca con chicharrón."
Belmopan,"Visit the Xunantunich Mayan ruins in Belmopan, explore the Belize Barrier Reef, and enjoy Belizean stewed chicken and rice and beans."
Nassau,"Visit Fort Fincastle in Nassau, explore the historic Queen's Staircase, and enjoy Bahamian conch fritters and sky juice."
Kingston,"Explore the Bob Marley Museum in Kingston, visit the historic Devon House, and enjoy Jamaican jerk chicken and ackee and saltfish."
Bridgetown,"Visit Harrison's Cave in Bridgetown, explore the historic Garrison area, and enjoy Barbadian flying fish and cou-cou."
Port of Spain,"Visit the Emperor Valley Zoo in Port of Spain, explore the historic Queen's Park Savannah, and enjoy Trinidadian doubles and roti."
Castries,"Explore the Pitons in St. Lucia, visit the Sulphur Springs Park, and enjoy Saint Lucian green figs and saltfish."
St. George's,"Visit Fort George in Grenada, explore the Underwater Sculpture Park, and enjoy Grenadian oil down and rum punch."
Roseau,"Explore the Cabrits National Park in Dominica, visit the historic Fort Shirley, and enjoy Dominican mountain chicken and rum punch."
Basseterre,"Visit Brimstone Hill Fortress in St. Kitts, explore the scenic Railway Tour, and enjoy Kittitian stewed saltfish and johnnycakes."
Kingstown,"Explore the Botanical Gardens in Kingstown, visit the historic Fort Charlotte, and enjoy Vincentian breadfruit and fried jackfish."
Saint John's,"Visit the historic sites of St. John's, explore Antigua's Shirley Heights, and enjoy Antiguan fungie and pepperpot."
Road Town,"Explore the Virgin Islands National Park in Road Town, visit the historic Callwood Distillery, and enjoy British Virgin Islands conch and rum."
Charlotte Amalie,"Visit Blackbeard’s Castle in Charlotte Amalie, explore Magens Bay, and enjoy U.S. Virgin Islands kallaloo and pate."
Cayenne,"Visit the Cayenne Zoo in French Guiana, explore the historic Fort Cépérou, and enjoy French Guianese bouillon d'awara and cassava."
Paramaribo,"Visit the Saint Peter and Paul Cathedral in Paramaribo, explore the historic Fort Zeelandia, and enjoy Surinamese roti and pom."
Georgetown,"Explore the Stabroek Market in Georgetown, visit the historic Kaieteur Falls, and enjoy Guyanese pepperpot and cassava bread."
Bridgetown,"Visit Harrison's Cave again in Bridgetown, explore the historic Garrison area, and enjoy Barbadian flying fish and cou-cou again."
Belmopan,"Visit the Xunantunich Mayan ruins again in Belmopan, explore the Belize Barrier Reef again, and enjoy Belizean stewed chicken and rice and beans again."
La Paz,"Explore the historic center of La Paz, visit the Witches' Market, and enjoy Bolivian salteñas and llajwa."
Sucre,"Visit the historic Casa de la Libertad in Sucre, explore the Dinosaur Tracks site, and enjoy Bolivian chicharrón and chuño."
Asuncion,"Explore the historic government palace in Asuncion, visit the Barro Museum, and enjoy Paraguayan chipa and asado."
Brasilia,"Visit the National Congress in Brasilia, explore the futuristic architecture, and enjoy Brazilian feijoada and caipirinha."
Montevideo,"Visit the Palacio Salvo again in Montevideo, explore the historic Ciudad Vieja again, and enjoy Uruguayan asado and mate again."
Buenos Aires,"Visit the historic Casa Rosada again, explore the colorful neighborhood of La Boca again, enjoy tango performances in San Telmo again, and savor delicious Argentine steak and Malbec wine in Palermo again."
Santiago,"Visit the La Moneda Presidential Palace again in Santiago, explore the historic Barrio Lastarria again, and enjoy Chilean empanadas and pisco again."
Lima,"Visit the historic center of Lima again, explore the Larco Museum again, and enjoy Peruvian ceviche and pisco sour again."
Quito,"Explore the Gold Museum again in Bogota, hike Monserrate for city views again, and enjoy Colombian coffee and arepas again."
Bogota,"Visit the birthplace of Simón Bolívar again in Caracas, visit the Museum of Contemporary Art again, and enjoy arepas and cachapas again."
Caracas,"Explore the ancient pyramids of Teotihuacan again, visit the historic Zocalo square again, enjoy the vibrant street art in Coyoacan again, and savor authentic Mexican cuisine at local markets and restaurants again."
Mexico City,"Visit the historic Antigua Guatemala again, explore the active Pacaya volcano again, and enjoy Guatemalan pepian and tamales again."
Guatemala City,"Explore the Joya de Cerén archaeological site again in San Salvador, visit the National Palace again, and enjoy Salvadoran pupusas and horchata again."
Tegucigalpa,"Visit the Christ of the Picacho again in Tegucigalpa, explore the colonial town of Valle de Angeles again, and enjoy Honduran baleadas and yuca con chicharrón again."
Managua,"Visit the Granada Cathedral in Managua, explore the historic Masaya Volcano National Park, and enjoy Nicaraguan gallo pinto and vigorón."
San Jose,"Visit the National Theatre again in San Jose, explore the Pre-Columbian Gold Museum again, and enjoy Costa Rican gallo pinto and casado again."
Panama City,"Explore the Panama Canal at the Miraflores Locks again, visit the Biomuseo again, and enjoy Panamanian sancocho and seviche again."
Kingston,"Visit the historic Bob Marley Museum again in Kingston, visit the historic Devon House again, and enjoy Jamaican jerk chicken and ackee and saltfish again."
Nassau,"Visit Fort Fincastle again in Nassau, explore the historic Queen's Staircase again, and enjoy Bahamian conch fritters and sky juice again."
Havana,"Explore Old Havana again, visit the historic Fortaleza de San Carlos de la Cabana again, and enjoy Cuban sandwiches and mojitos again."
